183458cac04b28ab696dc0c0a25bc1b48cb5ee5fcb608eae6627ff601095ad7e, 504369b667a03966823aed136a966635c66aca9af6e98d040b3a369f823291a3, 1361042, 1364681
9f5160f89e103c0a4d17bdd7cfc435865bc2cdd13bb7672f892457765d82567b, e1001a72d3863cfb7b2b034dcc2ae2ed12d8f161a982170393c70686d6d96e18, 1364681, 1368355
aa0d531abe405d24df525de0a2ec103f19318cb544924112e20177ceb03ddb74, 5685a2e3d490c12b876e54b20b173c9d814d061e55698cb1b2daa20f3eecc7e5, 1368356, 1372018
e1718642943d11d948549958a816c5e8b85cc2e79464076f473865a9739fab5c, 665496996a83eab07dba9a42a77e66b14423ed9e3203646e8810de02463aedf2, 1372019, 1375670
c5a18dddd8204840a6bc40f88a40de99f3ac6e409e984a38bdf394e4762b0ff3, 98618ce7acb7119943e4046206bd08b3e62b037dfeb9e72a3ae5cecb3e398be5, 1375671, 1379296
80d8bdd859ba6616e8086b17fc581ccdb9e2e1ea42729c10d2469b9ea8e68c7f, ce0c63ba597c2880365ff1a306fac4a4225906960b59b55938c4b27254ed71bd, 1379297, 1382933
26f1d9cef8a1f5ec84d0f21fc293e2a2032a71f4bf49af8b602ec442454c1957, d3b2eb9ae5e73e0a918e31260083a66ea240127067e031408e853e9a1e30630a, 1382934, 1386594
69ad83b0c7ee9e4065492b3ccad57841b840092b8543a9285657aa0f73658fe6, 562c0575ee10f76353a38dcec95112c39fe6dd75be15527133db9d25d32c1d3b, 1386595, 1390256
c0ffe7ee2fc84125fb6955d57f2db914e7e61d2613ed42f1e7b21b63dac1be99, 48f310bd60161e1a12488fb43d7f76ae8836ada5652844d87b616f96f4a81461, 1390257, 1393927
fb6cac849f23656193815931e9cc95766ab2a9ec1a3c65f3714458b0209ae9f8, aeb1bd982ca1de61853e2c38f4d0c6700c407919d7bd463e54ba7cbc2ad2c3e2, 1393928, 1397578
34ed7692a037105f4de8a5e04110c6c77e205ed8c7c70396a051049d3f05e314, 44e9430b37f43d824dc43f3186d54c9cf21e4ac47faf8e79ebdf3dc4f4151fc9, 1397579, 1401248
881c694e559b2523dc4ccba1f7ff99c5e40f55d04f6a23f26cd02622fe1b6eb3, 8014e539140c672530d043d3843b6c4a1e08df6e6b983b0d00bfb718ce1680c5, 1401249, 1404917
9f2fd0e6f6010fa8072285feaebf4ef1ba0dca60cd2f2468a1efc5d93f9f8bb5, e40b4232ba071a9a74554846ab0129e7c3406dad5fa21104647dd538960f548a, 1404918, 1408581
f1336101334c5b41f53b2b4dea259e1120b0125aa3e848279823f9cc0942e7a2, 4a78ec07389b91b871d6c69376fb024559cfbb7af5703ca33c0aa9d3dff2bbb2, 1408582, 1412194
a2266ae325a3c6d327f05ec5ff0ddc67702a1b8ac97ebd68cd76468705b2cd1e, 5fb7a360058fc0122e613d01d65c8e679d85640c24c4b3369598f6cf42d1b0d9, 1412195, 1415822
54de863cc1297ce6ae8bdccfd186326d7f0658cd489361942ac7684b7978d112, c6e2476bf7fe14bda95e81a8f658c4b23e896c515c8f4e504592c435ee21e5fc, 1415823, 1419479